article title,link
"

					Sekjen Parpol Koalisi Indonesia Maju Merapat ke Markas Golkar, Bahas Apa?                
",
"

                    Update Tampilan dan Item Baru Mobile Legends di Patch Note 1.8.20                
",
"

                    Mesranya Putin Sambut Kim Jong Un di Rusia Lalu Bertandang ke China                
",
"

 Ganjar soal Peluang Duet dengan Prabowo: Semua Bisa Terjadi 
",
"

 Kelakar Zulfan Lindan: Biarlah Anies-Ganjar Jadi Menterinya Prabowo 
",
"

 Detik-detik Serangan Drone Azerbaijan Hunjam Nagorno-Karabakh 
",
"

                    Ingat Pencetak Gol Terakhir Arsenal di Liga Champions? Sudah Pensiun!                
",
"

					Ganjar soal Mahfud Jadi Kandidat Cawapres Terkuat: Sampai Hari Ini Belum                
",
"

                    Gak Mau Ketinggalan, TVS Gaet PLN Icon Plus Bangun Ekosistem Kendaraan Listrik                
",
"

                    Polisi Periksa Siskaeee Terkait Film Porno Senin 25 September                
",
"

                    Potret Penyelamatan Dramatis Penjelajah AS, Terjebak di Gua Terdalam Turki                
",
"

                    Demokrat Undang Parpol Pendukung Prabowo ke Rapimnas Besok, Termasuk PSI                
",
"

                    Satgas Antimafia Bola Sudah Komunikasi dengan Kapolri & Jaksa Agung                
",
"

					Wamen BUMN Buka-bukaan Rencana Gabungkan Pelita Air dengan Citilink                
",
"

                    Pantai Kelingking Nusa Penida Ditata Ulang Karena Sering Terjadi Kecelakaan                
",
"

                    Potret Dampak Kerusakan Akibat Tambak Udang di Karimunjawa                
",
"

                    Kasus Korupsi BTS 4G Sudah Jerat 12 Tersangka                
",
"

                    Keren! Siswa Ini Bikin Mural Lionel Messi dari Tutup Botol                
",
"

                    Anak Usaha Pertamina Gandeng bp Kembangkan Amonia Biru di Bintuni                
",
"

                    Russell Crowe, Tubuhmu Itu Lo!                
",
"

                    Gaya Jisoo BLACKPINK Jadi Peri di Film 'Dr. Cheon and Lost Talisman'                
",
"

					Viral, Panti Asuhan di Medan Diduga Eksploitasi Anak Lewat Live TikTok                
",
"

                    Relawan Bakal Laporkan Penyebar Hoax Prabowo Cekik Wamentan ke Polisi                
",
"

                    Heboh WWE Lirik Cristiano Ronaldo                
",
"

                    PKB Balas Zulfan Lindan soal Tiket Capres Anies: Pasangan AMIN Sudah Final!                
",
"

                    Bule Dorong Polisi Usai Langgar Lalu Lintas di Bali Ditangkap                
",
"

                    Setoran Pajak Melambat, Agustus 2023 Terkumpul Rp 1.246 Triliun                
",
"

                    SBY Cek Kesiapan Lokasi Rapimnas Jelang Deklarasi Dukungan ke Prabowo                
",
"

                    Infografis: Ciri-ciri Rezeki Halal dan Berkah, Muslim Harus Tahu!                
",
"

                    Rocky Gerung Sebut Anies Salah Tinggalkan AHY, Ini Alasannya                
",
"

                    Gaya Mewah Maia Estianty, Istri Pengusaha Irwan Mussry                
",
"

                    Bukan Venesia, Ternyata Kota Paling Sesak Turis Sedunia Adalah...                
",
"

                    Antisipasi Getok Harga, Panitia Atur Tarif Angkutan saat Gelaran MotoGP Mandalika                
",
"

                    Kecelakaan Mobil, Angela Lee Sudah Bisa Jalan Normal Usai Operasi Kaki                
",
"

                    Fakta-fakta Kematian Atlet Angkat Beban yang Tewas Tercekik Barbel 60 Kg                
",
"

                    Bahlil Janji Warga Rempang Tak Direlokasi, Diberi Rumah hingga Sertifikat Tanah                
",
"

                    13 Jurusan untuk Selamatkan Bumi dari Perubahan Iklim dan Prospek Kerjanya                
",
"

                    Barcelona Pesta Gol dengan Skuad Rp 0                
",
"

                    KPU Akan Surati Bawaslu soal Putusan Nomor Urut Bakal Calon DPD Jabar                
",
"

                    Markas Curanmor di Bekasi Terbongkar Gara-gara Pelaku Sering Ganti Nopol                
",
"

                    Hasil Voli Asian Games 2023: Indonesia Takluk dari Jepang                
",
"

                    Massa GNPR Demo soal Rempang di Kawasan Patung Kuda Bubarkan Diri                
",
"

                    Kasus Tersangka Cabul Tewas Dikeroyok Tahanan di Depok Direka Ulang Besok                
",
"

                    Mengapa Herry IP Latih Ganda Campuran?                
",
"

                    China Blokir iPhone, Huawei Fokus Bikin Inovasi untuk Konsumen                
",
"

                    Fahri Hamzah Minta Ganjar dan Anies Tak Ngotot di Pilpres 2024: Latihan Dulu                
",
"

                    Bule Inggris Pelanggar Lalin yang Tampar Polisi di Bali Jadi Tersangka!                
",
"

                    Setop Bully Dong! Ini Buku Panduan Antibullying                
",
"

                    Joao Felix Sudah Bahagia di Barcelona?                
",
"

                    Alva Klaim Sudah Jual Ribuan Unit, Subsidi Motor Listrik Bisa Bikin Melejit                
",
"

                    Arahan Ganjar di Rapat Perdana Bareng Tim Pemenangan Nasional                
",
"

                    Alasan PSSI Bentuk Satgas Antimafia Bola: Ingin Percepat Berantas Mafia                
",
"

                    Rencana Pilkada 2024 Dipercepat 2 Bulan, Anda Setuju atau Tidak?                
",
"

 karen agustiawan 
",
"

 museum nasional kebakaran 
",
"

 rumah produksi film porno 
",
"

 kebakaran bromo 
",
"

 fredy pratama 
",
"

 Rocky Gerung Ungkap Kesalahan Anies Tinggalkan AHY, Ungkit Global Security 
",
"

 Zulfan Lindan Ragu Anies Jadi Capres di 2024: Last Minute Bisa Berubah 
",
"

 Respons Ganjar soal Peluang Duet Bareng Prabowo di Pilpres 2024 
",
"

 Marselino dan Arkhan Sindir Bonus Piala AFF U-23, Erick Thohir: Cuma Bercanda 
",
"

 Hasil Voli Asian Games 2023: Indonesia Takluk dari Jepang 
",
"

 Komunitas Tionghoa Minta Anies Lanjutkan Jejak Kepemimpinan di Indonesia 
",
"

 Veronica Tan Kenang Bantuan Anies untuk Anak-anak Rusun 
",
"

 Ganjar di UI soal Marak TKA China: Kita Usir, tapi Kamu Bisa Gantikan Nggak? 
",
